{
  "en": {
    "bleu": 0.6189188430824537,
    "bleu_1": 0.7986450394111133,
    "bleu_2": 0.657182320441989,
    "bleu_3": 0.5652621138091914,
    "bleu_4": 0.4945899325701741,
    "chrf": 79.17671164897483,
    "comet": 0.9301597305266647,
    "comet_std": 0.0587617281965358,
    "fta": 0.7571138211382114,
    "fta_mean_sentence": 0.7559872922776147,
    "fta_coverage": 0.39150401836969,
    "fta_sentences": 682,
    "fta_terms_total": 984
  },
  "de": {
    "bleu": 0.5736647945333373,
    "bleu_1": 0.7720239458274722,
    "bleu_2": 0.6135409801949291,
    "bleu_3": 0.5159052328585135,
    "bleu_4": 0.44318853136938285,
    "chrf": 75.9937257908352,
    "comet": 0.9195384184462292,
    "comet_std": 0.06300482776795746,
    "fta": 0.728744939271255,
    "fta_mean_sentence": 0.7298270893371753,
    "fta_coverage": 0.3993095512082854,
    "fta_sentences": 694,
    "fta_terms_total": 988
  },
  "fr": {
    "bleu": 0.57311689292081,
    "bleu_1": 0.7696752799028138,
    "bleu_2": 0.612725817118591,
    "bleu_3": 0.5159403117710223,
    "bleu_4": 0.4434040535735451,
    "chrf": 76.01976961833262,
    "comet": 0.9171606704109797,
    "comet_std": 0.06319063374903995,
    "fta": 0.6065857885615251,
    "fta_mean_sentence": 0.604976097348979,
    "fta_coverage": 0.44386574074074076,
    "fta_sentences": 767,
    "fta_terms_total": 1154
  },
  "nl": {
    "bleu": 0.5760113420445016,
    "bleu_1": 0.7743098813192577,
    "bleu_2": 0.6175345894458736,
    "bleu_3": 0.5188459404475679,
    "bleu_4": 0.4437206364246516,
    "chrf": 76.3002325956822,
    "comet": 0.9216967564127687,
    "comet_std": 0.06106135258002885,
    "fta": 0.7547547547547547,
    "fta_mean_sentence": 0.7496355685131192,
    "fta_coverage": 0.3951612903225806,
    "fta_sentences": 686,
    "fta_terms_total": 999
  }
}