{
  "en": {
    "bleu": 0.6165455279334023,
    "bleu_1": 0.7968348877262535,
    "bleu_2": 0.6551272777375908,
    "bleu_3": 0.5626190825150227,
    "bleu_4": 0.4919852998670733,
    "chrf": 79.1104421760252,
    "comet": 0.9305428469256336,
    "comet_std": 0.057168656648846856,
    "fta": 0.758130081300813,
    "fta_mean_sentence": 0.7558651026392961,
    "fta_coverage": 0.39150401836969,
    "fta_sentences": 682,
    "fta_terms_total": 984
  },
  "de": {
    "bleu": 0.5856675411270361,
    "bleu_1": 0.7777705132396208,
    "bleu_2": 0.6249133508942187,
    "bleu_3": 0.529038681367307,
    "bleu_4": 0.4575577505804573,
    "chrf": 76.85179051834251,
    "comet": 0.9218508862516274,
    "comet_std": 0.06282244302109355,
    "fta": 0.7368421052631579,
    "fta_mean_sentence": 0.7306676272814598,
    "fta_coverage": 0.3993095512082854,
    "fta_sentences": 694,
    "fta_terms_total": 988
  },
  "fr": {
    "bleu": 0.5783927301095984,
    "bleu_1": 0.7738693467336684,
    "bleu_2": 0.6171872279675477,
    "bleu_3": 0.5210031115720848,
    "bleu_4": 0.44974506936484726,
    "chrf": 76.4547484159379,
    "comet": 0.9186791767952619,
    "comet_std": 0.06415692531994098,
    "fta": 0.6230502599653379,
    "fta_mean_sentence": 0.6224684919600175,
    "fta_coverage": 0.44386574074074076,
    "fta_sentences": 767,
    "fta_terms_total": 1154
  },
  "nl": {
    "bleu": 0.5967823985367762,
    "bleu_1": 0.7844002222004378,
    "bleu_2": 0.634981120310389,
    "bleu_3": 0.5415683962264151,
    "bleu_4": 0.470232009437672,
    "chrf": 77.72262301680082,
    "comet": 0.9246119216496494,
    "comet_std": 0.061473219384422864,
    "fta": 0.8158158158158159,
    "fta_mean_sentence": 0.7968901846452868,
    "fta_coverage": 0.3951612903225806,
    "fta_sentences": 686,
    "fta_terms_total": 999
  }
}