{
  "en": {
    "bleu": 0.6201109617141728,
    "bleu_1": 0.7985251599909041,
    "bleu_2": 0.6582417960814022,
    "bleu_3": 0.5668082924327889,
    "bleu_4": 0.4963264030014069,
    "chrf": 79.32855918790904,
    "comet": 0.9302635547693233,
    "comet_std": 0.05860923599925842,
    "fta": 0.7652439024390244,
    "fta_mean_sentence": 0.7649071358748778,
    "fta_coverage": 0.39150401836969,
    "fta_sentences": 682,
    "fta_terms_total": 984
  },
  "de": {
    "bleu": 0.5811996038122091,
    "bleu_1": 0.7757605495583906,
    "bleu_2": 0.62076859045505,
    "bleu_3": 0.5241521827373704,
    "bleu_4": 0.45204993895474777,
    "chrf": 76.53007183529515,
    "comet": 0.9216882993388916,
    "comet_std": 0.06239130281809194,
    "fta": 0.7469635627530364,
    "fta_mean_sentence": 0.7459173871277616,
    "fta_coverage": 0.3993095512082854,
    "fta_sentences": 694,
    "fta_terms_total": 988
  },
  "fr": {
    "bleu": 0.5840126439453346,
    "bleu_1": 0.7776716928952393,
    "bleu_2": 0.6229840117293863,
    "bleu_3": 0.5272247808646561,
    "bleu_4": 0.4554282769828372,
    "chrf": 76.66709092993123,
    "comet": 0.9196432593658015,
    "comet_std": 0.0634247994472313,
    "fta": 0.621317157712305,
    "fta_mean_sentence": 0.61877444589309,
    "fta_coverage": 0.44386574074074076,
    "fta_sentences": 767,
    "fta_terms_total": 1154
  },
  "nl": {
    "bleu": 0.5951843103218006,
    "bleu_1": 0.7840526126361941,
    "bleu_2": 0.6337808304714331,
    "bleu_3": 0.5396737525834071,
    "bleu_4": 0.4679401339109886,
    "chrf": 77.43862867440686,
    "comet": 0.9240497170780112,
    "comet_std": 0.06180605772928605,
    "fta": 0.7807807807807807,
    "fta_mean_sentence": 0.7738095238095238,
    "fta_coverage": 0.3951612903225806,
    "fta_sentences": 686,
    "fta_terms_total": 999
  }
}