{
  "en": {
    "bleu": 0.6274779813269163,
    "bleu_1": 0.8046247305506565,
    "bleu_2": 0.6653276077018978,
    "bleu_3": 0.5744555404060876,
    "bleu_4": 0.5040906230333543,
    "chrf": 79.67146233879542,
    "fta": 0.7571138211382114,
    "fta_mean_sentence": 0.7656402737047898,
    "fta_coverage": 0.39150401836969,
    "fta_sentences": 682,
    "fta_terms_total": 984,
    "comet": 0.9303294528707708,
    "comet_std": 0.058550434129687766
  },
  "de": {
    "bleu": 0.5938438254072057,
    "bleu_1": 0.7866126695640722,
    "bleu_2": 0.63442061884473,
    "bleu_3": 0.5391621129326047,
    "bleu_4": 0.46765102802254505,
    "chrf": 77.2657448084717,
    "fta": 0.7277327935222672,
    "fta_mean_sentence": 0.7295869356388086,
    "fta_coverage": 0.3993095512082854,
    "fta_sentences": 694,
    "fta_terms_total": 988,
    "comet": 0.922795284809534,
    "comet_std": 0.06340115401789909
  },
  "fr": {
    "bleu": 0.5958263023129912,
    "bleu_1": 0.7857519963043622,
    "bleu_2": 0.6341941353488698,
    "bleu_3": 0.5398622230497114,
    "bleu_4": 0.46915739268680445,
    "chrf": 77.35472408453184,
    "fta": 0.5944540727902946,
    "fta_mean_sentence": 0.597696653628857,
    "fta_coverage": 0.44386574074074076,
    "fta_sentences": 767,
    "fta_terms_total": 1154,
    "comet": 0.919577382625667,
    "comet_std": 0.0645600009121797
  },
  "nl": {
    "bleu": 0.6073600906779578,
    "bleu_1": 0.7943996046779773,
    "bleu_2": 0.6475767846535518,
    "bleu_3": 0.5540017851829813,
    "bleu_4": 0.48189182749583037,
    "chrf": 78.13244573749368,
    "fta": 0.7757757757757757,
    "fta_mean_sentence": 0.7750242954324583,
    "fta_coverage": 0.3951612903225806,
    "fta_sentences": 686,
    "fta_terms_total": 999,
    "comet": 0.9254751750504091,
    "comet_std": 0.06328119686191798
  }
}