{
  "en": {
    "bleu": 0.6380564818773167,
    "bleu_1": 0.8107491856677524,
    "bleu_2": 0.6755646108156641,
    "bleu_3": 0.5865020757559058,
    "bleu_4": 0.5159570297184977,
    "chrf": 80.50313905154538,
    "comet": 0.9327537679336922,
    "comet_std": 0.056279706388554535,
    "fta": 0.7754065040650406,
    "fta_mean_sentence": 0.770772238514174,
    "fta_coverage": 0.39150401836969,
    "fta_sentences": 682,
    "fta_terms_total": 984
  },
  "de": {
    "bleu": 0.6075766565309543,
    "bleu_1": 0.794349799381701,
    "bleu_2": 0.6474117482907772,
    "bleu_3": 0.5535548542788193,
    "bleu_4": 0.4821626763913112,
    "chrf": 78.02859153491787,
    "comet": 0.9247460256580379,
    "comet_std": 0.061813186410003065,
    "fta": 0.7398785425101214,
    "fta_mean_sentence": 0.7275456292026896,
    "fta_coverage": 0.3993095512082854,
    "fta_sentences": 694,
    "fta_terms_total": 988
  },
  "fr": {
    "bleu": 0.6080621249718291,
    "bleu_1": 0.7918953560982023,
    "bleu_2": 0.6459458517718387,
    "bleu_3": 0.5528618030842231,
    "bleu_4": 0.48340519799042686,
    "chrf": 78.02968947380744,
    "comet": 0.9210865036239503,
    "comet_std": 0.06391791164263227,
    "fta": 0.610051993067591,
    "fta_mean_sentence": 0.5974793568013907,
    "fta_coverage": 0.44386574074074076,
    "fta_sentences": 767,
    "fta_terms_total": 1154
  },
  "nl": {
    "bleu": 0.6225834179302329,
    "bleu_1": 0.8018257642925163,
    "bleu_2": 0.6593655326113452,
    "bleu_3": 0.5688875713332839,
    "bleu_4": 0.4995253164556962,
    "chrf": 79.0290837576565,
    "comet": 0.9277867187278062,
    "comet_std": 0.059089023213791864,
    "fta": 0.7757757757757757,
    "fta_mean_sentence": 0.7657920310981534,
    "fta_coverage": 0.3951612903225806,
    "fta_sentences": 686,
    "fta_terms_total": 999
  }
}