{
  "en": {
    "bleu": 0.6334074464631749,
    "bleu_1": 0.808894544505351,
    "bleu_2": 0.6710371549159344,
    "bleu_3": 0.5811736121337063,
    "bleu_4": 0.5102562087393901,
    "chrf": 80.1472598775334,
    "comet": 0.9317598499092524,
    "comet_std": 0.057526292654609755,
    "fta": 0.7560975609756098,
    "fta_mean_sentence": 0.7587976539589442,
    "fta_coverage": 0.39150401836969,
    "fta_sentences": 682,
    "fta_terms_total": 984
  },
  "de": {
    "bleu": 0.5919906812238268,
    "bleu_1": 0.7897627634582933,
    "bleu_2": 0.6367210812708443,
    "bleu_3": 0.5400231801697387,
    "bleu_4": 0.46674655482324745,
    "chrf": 77.09781198760808,
    "comet": 0.9220680469610611,
    "comet_std": 0.06281732086035047,
    "fta": 0.6912955465587044,
    "fta_mean_sentence": 0.6852785782901053,
    "fta_coverage": 0.3993095512082854,
    "fta_sentences": 694,
    "fta_terms_total": 988
  },
  "fr": {
    "bleu": 0.6088720025205254,
    "bleu_1": 0.7940566006655025,
    "bleu_2": 0.6470917030567686,
    "bleu_3": 0.5539279473547236,
    "bleu_4": 0.482873586028974,
    "chrf": 78.25690805357992,
    "comet": 0.9213138393781803,
    "comet_std": 0.06497138906234222,
    "fta": 0.6126516464471404,
    "fta_mean_sentence": 0.6092133854845719,
    "fta_coverage": 0.44386574074074076,
    "fta_sentences": 767,
    "fta_terms_total": 1154
  },
  "nl": {
    "bleu": 0.6168764428527271,
    "bleu_1": 0.7999934056513568,
    "bleu_2": 0.6564543769454062,
    "bleu_3": 0.5652530066649291,
    "bleu_4": 0.4940348365545216,
    "chrf": 78.81064382458342,
    "comet": 0.9262361956013513,
    "comet_std": 0.06122154814780118,
    "fta": 0.7647647647647647,
    "fta_mean_sentence": 0.7519436345966957,
    "fta_coverage": 0.3951612903225806,
    "fta_sentences": 686,
    "fta_terms_total": 999
  }
}