{
  "en": {
    "bleu": 0.581219551098172,
    "bleu_1": 0.7760565206118745,
    "bleu_2": 0.6237205468159648,
    "bleu_3": 0.5248949771689497,
    "bleu_4": 0.44916410116519234,
    "chrf": 77.32170016012685,
    "fta": 0.8272357723577236,
    "fta_mean_sentence": 0.8225806451612904,
    "fta_coverage": 0.39150401836969,
    "fta_sentences": 682,
    "fta_terms_total": 984,
    "comet": 0.9273198536938285,
    "comet_std": 0.057377924366808546
  },
  "de": {
    "bleu": 0.5598110985194354,
    "bleu_1": 0.7656568982548567,
    "bleu_2": 0.6029617211511595,
    "bleu_3": 0.5027696196884642,
    "bleu_4": 0.42823118450301684,
    "chrf": 75.177071019718,
    "fta": 0.7844129554655871,
    "fta_mean_sentence": 0.7542026897214218,
    "fta_coverage": 0.3993095512082854,
    "fta_sentences": 694,
    "fta_terms_total": 988,
    "comet": 0.9193549305886476,
    "comet_std": 0.062049109394513136
  },
  "fr": {
    "bleu": 0.5534419084536941,
    "bleu_1": 0.7577039076842381,
    "bleu_2": 0.5947317208785099,
    "bleu_3": 0.49489909070747395,
    "bleu_4": 0.42067904885839347,
    "chrf": 74.9001811553641,
    "fta": 0.6611785095320624,
    "fta_mean_sentence": 0.64180790960452,
    "fta_coverage": 0.44386574074074076,
    "fta_sentences": 767,
    "fta_terms_total": 1154,
    "comet": 0.9157703074937066,
    "comet_std": 0.06295520778754365
  },
  "nl": {
    "bleu": 0.5674473037736875,
    "bleu_1": 0.7684651650078576,
    "bleu_2": 0.6080949736184393,
    "bleu_3": 0.5094729844517487,
    "bleu_4": 0.4354972212368452,
    "chrf": 75.92069719659321,
    "fta": 0.8288288288288288,
    "fta_mean_sentence": 0.7983479105928086,
    "fta_coverage": 0.3951612903225806,
    "fta_sentences": 686,
    "fta_terms_total": 999,
    "comet": 0.9213549617489087,
    "comet_std": 0.06145851546503852
  }
}