{
  "en": {
    "bleu": 0.0007937704865910892,
    "bleu_1": 0.008480909649525855,
    "bleu_2": 0.0008662072973773478,
    "bleu_3": 0.0003271992869312092,
    "bleu_4": 0.00016515935029728682,
    "chrf": 4.749162276066919,
    "comet": 0.18313824562473494,
    "comet_std": 0.08399223819611781,
    "fta": 0.0040650406504065045,
    "fta_mean_sentence": 0.0041544477028348,
    "fta_coverage": 0.39150401836969,
    "fta_sentences": 682,
    "fta_terms_total": 984
  },
  "de": {
    "bleu": 0.0004399626933133492,
    "bleu_1": 0.006203996930426606,
    "bleu_2": 0.0004254483571148056,
    "bleu_3": 0.0001596564633340674,
    "bleu_4": 8.891161074496815e-05,
    "chrf": 4.05978814616966,
    "comet": 0.1635947649563278,
    "comet_std": 0.06532450820604191,
    "fta": 0.0010121457489878543,
    "fta_mean_sentence": 0.0007204610951008645,
    "fta_coverage": 0.3993095512082854,
    "fta_sentences": 694,
    "fta_terms_total": 988
  },
  "fr": {
    "bleu": 0.000391993375962436,
    "bleu_1": 0.0062275977854848175,
    "bleu_2": 0.00044583409105574686,
    "bleu_3": 0.00014216746142226697,
    "bleu_4": 5.981648303006377e-05,
    "chrf": 4.012271748348771,
    "comet": 0.1711022295747642,
    "comet_std": 0.07119764211329309,
    "fta": 0.0008665511265164644,
    "fta_mean_sentence": 0.000651890482398957,
    "fta_coverage": 0.44386574074074076,
    "fta_sentences": 767,
    "fta_terms_total": 1154
  },
  "nl": {
    "bleu": 0.0002593342321887981,
    "bleu_1": 0.005531881838560046,
    "bleu_2": 0.0003248608139443704,
    "bleu_3": 7.3499895403995e-05,
    "bleu_4": 3.424383896263997e-05,
    "chrf": 3.8376005970419245,
    "comet": 0.16844901810764992,
    "comet_std": 0.06733419577258087,
    "fta": 0.001001001001001001,
    "fta_mean_sentence": 0.0014577259475218659,
    "fta_coverage": 0.3951612903225806,
    "fta_sentences": 686,
    "fta_terms_total": 999
  }
}