{
  "en": {
    "bleu": 0.6176369073802391,
    "bleu_1": 0.7982670445291378,
    "bleu_2": 0.6562143868494664,
    "bleu_3": 0.5638548019692851,
    "bleu_4": 0.49268770829249164,
    "chrf": 79.07415707543565,
    "comet": 0.9301013558008093,
    "comet_std": 0.0584339369427825,
    "fta": 0.7560975609756098,
    "fta_mean_sentence": 0.7545210166177907,
    "fta_coverage": 0.39150401836969,
    "fta_sentences": 682,
    "fta_terms_total": 984
  },
  "de": {
    "bleu": 0.5734625327862075,
    "bleu_1": 0.7724264464976083,
    "bleu_2": 0.6137437465258477,
    "bleu_3": 0.51580348231119,
    "bleu_4": 0.4422743055555556,
    "chrf": 75.82434679595819,
    "comet": 0.9189183558707132,
    "comet_std": 0.0637860422330721,
    "fta": 0.7176113360323887,
    "fta_mean_sentence": 0.7137367915465894,
    "fta_coverage": 0.3993095512082854,
    "fta_sentences": 694,
    "fta_terms_total": 988
  },
  "fr": {
    "bleu": 0.5684422554319203,
    "bleu_1": 0.7669476238890164,
    "bleu_2": 0.6086291416055349,
    "bleu_3": 0.5113346399911246,
    "bleu_4": 0.43744328269875715,
    "chrf": 75.81697851094725,
    "comet": 0.9170147917681822,
    "comet_std": 0.06290475865939643,
    "fta": 0.5927209705372617,
    "fta_mean_sentence": 0.5917209908735335,
    "fta_coverage": 0.44386574074074076,
    "fta_sentences": 767,
    "fta_terms_total": 1154
  },
  "nl": {
    "bleu": 0.5847075857919914,
    "bleu_1": 0.7786369593709044,
    "bleu_2": 0.6246873262923847,
    "bleu_3": 0.5282223782944591,
    "bleu_4": 0.4549256322247209,
    "chrf": 76.84574014516417,
    "comet": 0.922890626357585,
    "comet_std": 0.061453209597449654,
    "fta": 0.7767767767767768,
    "fta_mean_sentence": 0.7677356656948492,
    "fta_coverage": 0.3951612903225806,
    "fta_sentences": 686,
    "fta_terms_total": 999
  }
}