{
  "en": {
    "bleu": 0.6131449023569426,
    "bleu_1": 0.7945819528357045,
    "bleu_2": 0.6515631455722353,
    "bleu_3": 0.5589452481230544,
    "bleu_4": 0.4884138955101403,
    "chrf": 78.91355731731866,
    "comet": 0.9300227679320783,
    "comet_std": 0.05783456910148437,
    "fta": 0.7510162601626016,
    "fta_mean_sentence": 0.7463343108504397,
    "fta_coverage": 0.39150401836969,
    "fta_sentences": 682,
    "fta_terms_total": 984
  },
  "de": {
    "bleu": 0.561695977266357,
    "bleu_1": 0.7651410986708571,
    "bleu_2": 0.6033046376006664,
    "bleu_3": 0.503342566943675,
    "bleu_4": 0.4284137496058026,
    "chrf": 75.11504042816652,
    "comet": 0.9170661910048014,
    "comet_std": 0.06313096427226088,
    "fta": 0.680161943319838,
    "fta_mean_sentence": 0.6693083573487031,
    "fta_coverage": 0.3993095512082854,
    "fta_sentences": 694,
    "fta_terms_total": 988
  },
  "fr": {
    "bleu": 0.5669147520715033,
    "bleu_1": 0.7666175266175266,
    "bleu_2": 0.6069729485710317,
    "bleu_3": 0.5090123365590603,
    "bleu_4": 0.4361085937192167,
    "chrf": 75.7144262956566,
    "comet": 0.9169551509053067,
    "comet_std": 0.06355586959323015,
    "fta": 0.6135181975736569,
    "fta_mean_sentence": 0.6068231203824426,
    "fta_coverage": 0.44386574074074076,
    "fta_sentences": 767,
    "fta_terms_total": 1154
  },
  "nl": {
    "bleu": 0.5912742282383413,
    "bleu_1": 0.7814084322768455,
    "bleu_2": 0.6298505392377848,
    "bleu_3": 0.5354165129491626,
    "bleu_4": 0.46381889763779527,
    "chrf": 77.28985367079714,
    "comet": 0.9235273217481952,
    "comet_std": 0.061851216398402194,
    "fta": 0.7927927927927928,
    "fta_mean_sentence": 0.7798833819241986,
    "fta_coverage": 0.3951612903225806,
    "fta_sentences": 686,
    "fta_terms_total": 999
  }
}