{
  "en": {
    "bleu": 0.6171433392990723,
    "bleu_1": 0.7969883240641363,
    "bleu_2": 0.6562316841923806,
    "bleu_3": 0.563485659796083,
    "bleu_4": 0.4922119599248591,
    "chrf": 79.15810971757273,
    "fta": 0.7560975609756098,
    "fta_mean_sentence": 0.7559872922776147,
    "fta_coverage": 0.39150401836969,
    "fta_sentences": 682,
    "fta_terms_total": 984
  },
  "de": {
    "bleu": 0.5747636344200652,
    "bleu_1": 0.7716803721783573,
    "bleu_2": 0.6150425568872677,
    "bleu_3": 0.5174109123170191,
    "bleu_4": 0.44440498737373735,
    "chrf": 75.99461640398954,
    "fta": 0.7489878542510121,
    "fta_mean_sentence": 0.7342699327569647,
    "fta_coverage": 0.3993095512082854,
    "fta_sentences": 694,
    "fta_terms_total": 988
  },
  "fr": {
    "bleu": 0.5713689821593912,
    "bleu_1": 0.7685755471104705,
    "bleu_2": 0.6110570912626754,
    "bleu_3": 0.5138139912831499,
    "bleu_4": 0.4416643681784152,
    "chrf": 76.03454006060646,
    "fta": 0.6169844020797227,
    "fta_mean_sentence": 0.6135593220338985,
    "fta_coverage": 0.44386574074074076,
    "fta_sentences": 767,
    "fta_terms_total": 1154
  },
  "nl": {
    "bleu": 0.5910756934509462,
    "bleu_1": 0.7806025749950983,
    "bleu_2": 0.6300491928220051,
    "bleu_3": 0.535691910816289,
    "bleu_4": 0.4632899445514963,
    "chrf": 77.26153427919637,
    "fta": 0.7837837837837838,
    "fta_mean_sentence": 0.7744169096209913,
    "fta_coverage": 0.3951612903225806,
    "fta_sentences": 686,
    "fta_terms_total": 999
  }
}