{
  "en": {
    "bleu": 0.6194892650088806,
    "bleu_1": 0.7989774651556598,
    "bleu_2": 0.6577021335358696,
    "bleu_3": 0.5659455687369156,
    "bleu_4": 0.49521831151524653,
    "chrf": 79.2068515602319,
    "comet": 0.9301390601867375,
    "comet_std": 0.058795451129367425,
    "fta": 0.7571138211382114,
    "fta_mean_sentence": 0.7559872922776147,
    "fta_coverage": 0.39150401836969,
    "fta_sentences": 682,
    "fta_terms_total": 984
  },
  "de": {
    "bleu": 0.5811036720824143,
    "bleu_1": 0.7764494528825739,
    "bleu_2": 0.6208054853343491,
    "bleu_3": 0.5238726790450928,
    "bleu_4": 0.4515647114326152,
    "chrf": 76.54131815800336,
    "comet": 0.9213118876734592,
    "comet_std": 0.06293038300294716,
    "fta": 0.7348178137651822,
    "fta_mean_sentence": 0.7355907780979823,
    "fta_coverage": 0.3993095512082854,
    "fta_sentences": 694,
    "fta_terms_total": 988
  },
  "fr": {
    "bleu": 0.5821765448210547,
    "bleu_1": 0.7744449925999013,
    "bleu_2": 0.6207762318234125,
    "bleu_3": 0.5258022630309775,
    "bleu_4": 0.4544338875692795,
    "chrf": 76.53186706556173,
    "comet": 0.918972410985993,
    "comet_std": 0.0635259995069631,
    "fta": 0.6143847487001733,
    "fta_mean_sentence": 0.6154063450673621,
    "fta_coverage": 0.44386574074074076,
    "fta_sentences": 767,
    "fta_terms_total": 1154
  },
  "nl": {
    "bleu": 0.592977137168137,
    "bleu_1": 0.7825973004848644,
    "bleu_2": 0.632034180908712,
    "bleu_3": 0.53701445097387,
    "bleu_4": 0.46546487318054514,
    "chrf": 77.31645994843012,
    "comet": 0.9241370238226405,
    "comet_std": 0.06065438033677292,
    "fta": 0.7857857857857858,
    "fta_mean_sentence": 0.7791545189504372,
    "fta_coverage": 0.3951612903225806,
    "fta_sentences": 686,
    "fta_terms_total": 999
  }
}