{
  "en": {
    "bleu": 0.612269283209389,
    "bleu_1": 0.7946437266677487,
    "bleu_2": 0.6513780408079001,
    "bleu_3": 0.5581174059434929,
    "bleu_4": 0.48645060523233113,
    "chrf": 78.93108353808019,
    "fta": 0.7459349593495935,
    "fta_mean_sentence": 0.7484115347018571,
    "fta_coverage": 0.39150401836969,
    "fta_sentences": 682,
    "fta_terms_total": 984,
    "comet": 0.9299903376846992,
    "comet_std": 0.0582435244005533
  },
  "de": {
    "bleu": 0.5596126678043176,
    "bleu_1": 0.7648291900036029,
    "bleu_2": 0.6018476713089987,
    "bleu_3": 0.5009238728750924,
    "bleu_4": 0.4253313348059325,
    "chrf": 75.00158106227578,
    "fta": 0.7257085020242915,
    "fta_mean_sentence": 0.7029298751200771,
    "fta_coverage": 0.3993095512082854,
    "fta_sentences": 694,
    "fta_terms_total": 988,
    "comet": 0.9179541397115304,
    "comet_std": 0.06301386396189211
  },
  "fr": {
    "bleu": 0.5634906786014906,
    "bleu_1": 0.7647752974727112,
    "bleu_2": 0.6037735849056604,
    "bleu_3": 0.5049340281627674,
    "bleu_4": 0.43241857897642144,
    "chrf": 75.42997148957397,
    "fta": 0.5918544194107452,
    "fta_mean_sentence": 0.5910908300738811,
    "fta_coverage": 0.44386574074074076,
    "fta_sentences": 767,
    "fta_terms_total": 1154,
    "comet": 0.9160296649637597,
    "comet_std": 0.06333987031472131
  },
  "nl": {
    "bleu": 0.5857220886219394,
    "bleu_1": 0.7778250343518942,
    "bleu_2": 0.6252514741588623,
    "bleu_3": 0.5295398354182811,
    "bleu_4": 0.4570157129917694,
    "chrf": 76.9793690830235,
    "fta": 0.7917917917917918,
    "fta_mean_sentence": 0.784378036929057,
    "fta_coverage": 0.3951612903225806,
    "fta_sentences": 686,
    "fta_terms_total": 999,
    "comet": 0.9222499940904879,
    "comet_std": 0.06332605967095506
  }
}