{
  "en": {
    "bleu": 0.6159333616276699,
    "bleu_1": 0.7961231248782389,
    "bleu_2": 0.6540473568281938,
    "bleu_3": 0.5621407914485486,
    "bleu_4": 0.4917001913838222,
    "chrf": 79.10870854017963,
    "comet": 0.9300532444336385,
    "comet_std": 0.05814710952207936,
    "fta": 0.7591463414634146,
    "fta_mean_sentence": 0.7583088954056696,
    "fta_coverage": 0.39150401836969,
    "fta_sentences": 682,
    "fta_terms_total": 984
  },
  "de": {
    "bleu": 0.5709434026540051,
    "bleu_1": 0.7708230817176787,
    "bleu_2": 0.6116542007305619,
    "bleu_3": 0.5133644306234266,
    "bleu_4": 0.43902149857730005,
    "chrf": 75.78516031534213,
    "comet": 0.9197144785979537,
    "comet_std": 0.06176218043481568,
    "fta": 0.7327935222672065,
    "fta_mean_sentence": 0.7264649375600382,
    "fta_coverage": 0.3993095512082854,
    "fta_sentences": 694,
    "fta_terms_total": 988
  },
  "fr": {
    "bleu": 0.5736277407691724,
    "bleu_1": 0.7708566169219644,
    "bleu_2": 0.6133686484979438,
    "bleu_3": 0.5165356666172327,
    "bleu_4": 0.4433279265735649,
    "chrf": 75.9808947395168,
    "comet": 0.9176618360948784,
    "comet_std": 0.06326421446966435,
    "fta": 0.6091854419410745,
    "fta_mean_sentence": 0.6037809647979141,
    "fta_coverage": 0.44386574074074076,
    "fta_sentences": 767,
    "fta_terms_total": 1154
  },
  "nl": {
    "bleu": 0.5874563007148074,
    "bleu_1": 0.7796560292963641,
    "bleu_2": 0.6268025513033832,
    "bleu_3": 0.5314378434192573,
    "bleu_4": 0.4585809295187124,
    "chrf": 77.01243892408637,
    "comet": 0.9232426337932113,
    "comet_std": 0.06225001430679992,
    "fta": 0.7717717717717718,
    "fta_mean_sentence": 0.7653061224489794,
    "fta_coverage": 0.3951612903225806,
    "fta_sentences": 686,
    "fta_terms_total": 999
  }
}