{
  "en": {
    "bleu": 0.6196125595079766,
    "bleu_1": 0.7983043139293139,
    "bleu_2": 0.6577026375593967,
    "bleu_3": 0.5661648903050946,
    "bleu_4": 0.4958380554144359,
    "chrf": 79.29422145697448,
    "comet": 0.9302571933079259,
    "comet_std": 0.05834650413747871,
    "fta": 0.7642276422764228,
    "fta_mean_sentence": 0.7634408602150538,
    "fta_coverage": 0.39150401836969,
    "fta_sentences": 682,
    "fta_terms_total": 984
  },
  "de": {
    "bleu": 0.5704245370660688,
    "bleu_1": 0.7702915165411071,
    "bleu_2": 0.6112461794943039,
    "bleu_3": 0.5127314387080084,
    "bleu_4": 0.43856258135773735,
    "chrf": 75.72817146374213,
    "comet": 0.9190602278544796,
    "comet_std": 0.06292696215485707,
    "fta": 0.7105263157894737,
    "fta_mean_sentence": 0.710614793467819,
    "fta_coverage": 0.3993095512082854,
    "fta_sentences": 694,
    "fta_terms_total": 988
  },
  "fr": {
    "bleu": 0.5745047927071335,
    "bleu_1": 0.7714604969107401,
    "bleu_2": 0.6141811846689895,
    "bleu_3": 0.5171621321076433,
    "bleu_4": 0.4445674959458925,
    "chrf": 76.11077831899125,
    "comet": 0.9180520905388726,
    "comet_std": 0.06304167788375938,
    "fta": 0.6126516464471404,
    "fta_mean_sentence": 0.6076923076923078,
    "fta_coverage": 0.44386574074074076,
    "fta_sentences": 767,
    "fta_terms_total": 1154
  },
  "nl": {
    "bleu": 0.5873951051538662,
    "bleu_1": 0.7801204819277109,
    "bleu_2": 0.6268744793113025,
    "bleu_3": 0.5311888318499095,
    "bleu_4": 0.458279137598045,
    "chrf": 76.97879025000023,
    "comet": 0.9227152696986627,
    "comet_std": 0.0622520991820912,
    "fta": 0.7747747747747747,
    "fta_mean_sentence": 0.767128279883382,
    "fta_coverage": 0.3951612903225806,
    "fta_sentences": 686,
    "fta_terms_total": 999
  }
}