{
  "en": {
    "bleu": 0.6330998405603444,
    "bleu_1": 0.8069500586777937,
    "bleu_2": 0.6696965507707195,
    "bleu_3": 0.5807685236256664,
    "bleu_4": 0.5118715905969153,
    "chrf": 79.9726648699638,
    "fta": 0.7479674796747967,
    "fta_mean_sentence": 0.7524437927663732,
    "fta_coverage": 0.39150401836969,
    "fta_sentences": 682,
    "fta_terms_total": 984,
    "comet": 0.9316546003559837,
    "comet_std": 0.05815963176277941
  },
  "de": {
    "bleu": 0.5945254003553474,
    "bleu_1": 0.7873686291305637,
    "bleu_2": 0.6359951074611218,
    "bleu_3": 0.5405475783051856,
    "bleu_4": 0.468162859980139,
    "chrf": 77.13176469268738,
    "fta": 0.7206477732793523,
    "fta_mean_sentence": 0.7246637848222859,
    "fta_coverage": 0.3993095512082854,
    "fta_sentences": 694,
    "fta_terms_total": 988,
    "comet": 0.922780740641752,
    "comet_std": 0.06368681425782863
  },
  "fr": {
    "bleu": 0.5952292896079033,
    "bleu_1": 0.7862414338429099,
    "bleu_2": 0.6348868082727781,
    "bleu_3": 0.5387131546667658,
    "bleu_4": 0.466796255157093,
    "chrf": 77.2946701832217,
    "fta": 0.5849220103986135,
    "fta_mean_sentence": 0.5907431551499348,
    "fta_coverage": 0.44386574074074076,
    "fta_sentences": 767,
    "fta_terms_total": 1154,
    "comet": 0.919499836206712,
    "comet_std": 0.06661630676194505
  },
  "nl": {
    "bleu": 0.6100097832246736,
    "bleu_1": 0.7944710749228445,
    "bleu_2": 0.6481442796462642,
    "bleu_3": 0.5556296543292208,
    "bleu_4": 0.4839628238085822,
    "chrf": 78.22123838207678,
    "fta": 0.7637637637637638,
    "fta_mean_sentence": 0.7640913508260443,
    "fta_coverage": 0.3951612903225806,
    "fta_sentences": 686,
    "fta_terms_total": 999,
    "comet": 0.9257814733629128,
    "comet_std": 0.06322505144307836
  }
}