{
  "en": {
    "bleu": 0.0016905556757543792,
    "bleu_1": 0.010226074462044751,
    "bleu_2": 0.0019015077493754278,
    "bleu_3": 0.0008802452871431019,
    "bleu_4": 0.0004772073823982057,
    "chrf": 6.109083556250424,
    "comet": 0.20515435074384397,
    "comet_std": 0.10218888195870364,
    "fta": 0.01016260162601626,
    "fta_mean_sentence": 0.01295210166177908,
    "fta_coverage": 0.39150401836969,
    "fta_sentences": 682,
    "fta_terms_total": 984
  },
  "de": {
    "bleu": 0.0006394587160527645,
    "bleu_1": 0.007739734261490815,
    "bleu_2": 0.000913252566355313,
    "bleu_3": 0.0002509380999900792,
    "bleu_4": 9.42684766214178e-05,
    "chrf": 5.339037706933327,
    "comet": 0.1923339858788341,
    "comet_std": 0.08996859185404968,
    "fta": 0.00708502024291498,
    "fta_mean_sentence": 0.009365994236311239,
    "fta_coverage": 0.3993095512082854,
    "fta_sentences": 694,
    "fta_terms_total": 988
  },
  "fr": {
    "bleu": 0.0005655974159680359,
    "bleu_1": 0.006875674379570795,
    "bleu_2": 0.0007507552961548009,
    "bleu_3": 0.0002140188458880865,
    "bleu_4": 9.263261903291545e-05,
    "chrf": 4.9311994978986435,
    "comet": 0.18722916033153456,
    "comet_std": 0.09456035217170289,
    "fta": 0.0017331022530329288,
    "fta_mean_sentence": 0.002607561929595828,
    "fta_coverage": 0.44386574074074076,
    "fta_sentences": 767,
    "fta_terms_total": 1154
  },
  "nl": {
    "bleu": 0.0004315772052837239,
    "bleu_1": 0.00674333749018521,
    "bleu_2": 0.0005654987465749431,
    "bleu_3": 0.00015305641895073938,
    "bleu_4": 5.943960341896599e-05,
    "chrf": 5.0377104028884245,
    "comet": 0.18657438185769842,
    "comet_std": 0.07531458056575878,
    "fta": 0.002002002002002002,
    "fta_mean_sentence": 0.002186588921282799,
    "fta_coverage": 0.3951612903225806,
    "fta_sentences": 686,
    "fta_terms_total": 999
  }
}