{
  "en": {
    "bleu": 0.6172190412627042,
    "bleu_1": 0.7970274489397684,
    "bleu_2": 0.6563814383231056,
    "bleu_3": 0.563538343052041,
    "bleu_4": 0.4922709662270575,
    "chrf": 79.15287844125938,
    "fta": 0.7560975609756098,
    "fta_mean_sentence": 0.7559872922776147,
    "fta_coverage": 0.39150401836969,
    "fta_sentences": 682,
    "fta_terms_total": 984
  },
  "de": {
    "bleu": 0.5771066882828175,
    "bleu_1": 0.7729952830188679,
    "bleu_2": 0.6171240013893713,
    "bleu_3": 0.5200133052444839,
    "bleu_4": 0.44715767880389756,
    "chrf": 76.20425646783809,
    "fta": 0.7530364372469636,
    "fta_mean_sentence": 0.7393131604226707,
    "fta_coverage": 0.3993095512082854,
    "fta_sentences": 694,
    "fta_terms_total": 988
  },
  "fr": {
    "bleu": 0.5747127364625799,
    "bleu_1": 0.7705949844287822,
    "bleu_2": 0.6140320394759704,
    "bleu_3": 0.5173905008316393,
    "bleu_4": 0.4456230283911672,
    "chrf": 76.25594285994104,
    "fta": 0.6152512998266898,
    "fta_mean_sentence": 0.6109517601043026,
    "fta_coverage": 0.44386574074074076,
    "fta_sentences": 767,
    "fta_terms_total": 1154
  },
  "nl": {
    "bleu": 0.5903548425938173,
    "bleu_1": 0.7802678863116629,
    "bleu_2": 0.6294590288841172,
    "bleu_3": 0.5347971852779723,
    "bleu_4": 0.46243660809057674,
    "chrf": 77.25436519386783,
    "fta": 0.7867867867867868,
    "fta_mean_sentence": 0.777089407191448,
    "fta_coverage": 0.3951612903225806,
    "fta_sentences": 686,
    "fta_terms_total": 999
  }
}