{
  "en": {
    "bleu": 0.611239722615486,
    "bleu_1": 0.7945223260643821,
    "bleu_2": 0.6509596202792873,
    "bleu_3": 0.5567953173586977,
    "bleu_4": 0.48471956598103116,
    "chrf": 78.9584252137126,
    "fta": 0.7530487804878049,
    "fta_mean_sentence": 0.7513440860215052,
    "fta_coverage": 0.39150401836969,
    "fta_sentences": 682,
    "fta_terms_total": 984,
    "comet": 0.9300572247202716,
    "comet_std": 0.05736556845597775
  },
  "de": {
    "bleu": 0.5689939784195623,
    "bleu_1": 0.7685003274394238,
    "bleu_2": 0.6098534823970557,
    "bleu_3": 0.5116923417931951,
    "bleu_4": 0.4370712088951975,
    "chrf": 75.5819543013453,
    "fta": 0.7408906882591093,
    "fta_mean_sentence": 0.7169788664745439,
    "fta_coverage": 0.3993095512082854,
    "fta_sentences": 694,
    "fta_terms_total": 988,
    "comet": 0.9182277485230987,
    "comet_std": 0.06392430621902881
  },
  "fr": {
    "bleu": 0.573844609842337,
    "bleu_1": 0.7698264264855464,
    "bleu_2": 0.6127865317054506,
    "bleu_3": 0.5168165168165169,
    "bleu_4": 0.44477340912679614,
    "chrf": 76.18558084775839,
    "fta": 0.6109185441941074,
    "fta_mean_sentence": 0.6079096045197742,
    "fta_coverage": 0.44386574074074076,
    "fta_sentences": 767,
    "fta_terms_total": 1154,
    "comet": 0.9178366899766304,
    "comet_std": 0.06301835388597936
  },
  "nl": {
    "bleu": 0.5899045546909597,
    "bleu_1": 0.7790925732217573,
    "bleu_2": 0.629054616024397,
    "bleu_3": 0.5347096774193548,
    "bleu_4": 0.46209528305598174,
    "chrf": 77.24015098795752,
    "fta": 0.7947947947947948,
    "fta_mean_sentence": 0.7869290573372206,
    "fta_coverage": 0.3951612903225806,
    "fta_sentences": 686,
    "fta_terms_total": 999,
    "comet": 0.922565057152702,
    "comet_std": 0.06465418589832435
  }
}