{
  "seed": 123,
  "train_order": [
    "en",
    "de",
    "nl",
    "fr"
  ],
  "trajectory": [
    {
      "step": 1,
      "trained_on": "en",
      "model_path": "/crex/proj/uppmax2026-1-123/private/yaxj1/mt_oil_no_moe/outputs/expert_moe/models/sequential_forgetting_full/seed123/step1_en/final_model",
      "en_bleu": 0.5500718993656049,
      "en_chrf": 74.88628534814453
    },
    {
      "step": 2,
      "trained_on": "de",
      "model_path": "/crex/proj/uppmax2026-1-123/private/yaxj1/mt_oil_no_moe/outputs/expert_moe/models/sequential_forgetting_full/seed123/step2_de/final_model",
      "en_bleu": 0.5521475979134001,
      "en_chrf": 74.75480521405382,
      "de_bleu": 0.520510128927188,
      "de_chrf": 72.48811838177971
    },
    {
      "step": 3,
      "trained_on": "nl",
      "model_path": "/crex/proj/uppmax2026-1-123/private/yaxj1/mt_oil_no_moe/outputs/expert_moe/models/sequential_forgetting_full/seed123/step3_nl/final_model",
      "en_bleu": 0.5552604391835605,
      "en_chrf": 74.89910723159842,
      "nl_bleu": 0.5389483370075014,
      "nl_chrf": 73.66313706481932
    },
    {
      "step": 4,
      "trained_on": "fr",
      "model_path": "/crex/proj/uppmax2026-1-123/private/yaxj1/mt_oil_no_moe/outputs/expert_moe/models/sequential_forgetting_full/seed123/step4_fr/final_model",
      "en_bleu": 0.5621795252872889,
      "en_chrf": 75.36157622325092,
      "fr_bleu": 0.5355010110790901,
      "fr_chrf": 72.96750095208151,
      "en_final_bleu": 0.5621795252872889,
      "en_final_chrf": 75.36157622325092,
      "de_final_bleu": 0.519121704495021,
      "de_final_chrf": 72.39474848640943,
      "nl_final_bleu": 0.5373261633684614,
      "nl_final_chrf": 73.55694854603428
    }
  ],
  "delta_forget_bleu": -0.012107625921684018,
  "delta_forget_chrf": -0.47529087510639556,
  "en_bleu_after_en": 0.5500718993656049,
  "en_bleu_after_fr": 0.5621795252872889,
  "en_chrf_after_en": 74.88628534814453,
  "en_chrf_after_fr": 75.36157622325092
}