{
  "en": {
    "bleu": 0.5617301541851223,
    "bleu_1": 0.7670942263128692,
    "bleu_2": 0.6040419420701111,
    "bleu_3": 0.503350762206348,
    "bleu_4": 0.4268982864329508,
    "chrf": 75.70763227521483,
    "comet": 0.9226565565122665,
    "comet_std": 0.059309447096035396,
    "fta": 0.7642276422764228,
    "fta_mean_sentence": 0.7611192570869991,
    "fta_coverage": 0.39150401836969,
    "fta_sentences": 682,
    "fta_terms_total": 984
  },
  "de": {
    "bleu": 0.5167352751339511,
    "bleu_1": 0.7407966897638829,
    "bleu_2": 0.5616271375335214,
    "bleu_3": 0.45533728687916974,
    "bleu_4": 0.37684485419222097,
    "chrf": 72.51740706391408,
    "comet": 0.912749594851248,
    "comet_std": 0.06349451363654658,
    "fta": 0.7267206477732794,
    "fta_mean_sentence": 0.7148174831892414,
    "fta_coverage": 0.3993095512082854,
    "fta_sentences": 694,
    "fta_terms_total": 988
  },
  "fr": {
    "bleu": 0.5289082288183296,
    "bleu_1": 0.7452879753070204,
    "bleu_2": 0.5724082712525238,
    "bleu_3": 0.46822692934380095,
    "bleu_4": 0.3917733522996681,
    "chrf": 73.08570666339969,
    "comet": 0.9118183189313169,
    "comet_std": 0.06508661327820697,
    "fta": 0.6074523396880416,
    "fta_mean_sentence": 0.605432420686658,
    "fta_coverage": 0.44386574074074076,
    "fta_sentences": 767,
    "fta_terms_total": 1154
  },
  "nl": {
    "bleu": 0.5393137114756048,
    "bleu_1": 0.7531288906362623,
    "bleu_2": 0.582679080108386,
    "bleu_3": 0.4794307891332471,
    "bleu_4": 0.40210659197601484,
    "chrf": 73.99320078565074,
    "comet": 0.9161108970848096,
    "comet_std": 0.06319440567874798,
    "fta": 0.7887887887887888,
    "fta_mean_sentence": 0.7844995140913511,
    "fta_coverage": 0.3951612903225806,
    "fta_sentences": 686,
    "fta_terms_total": 999
  }
}