{
  "en": {
    "bleu": 0.6165980464514943,
    "bleu_1": 0.7975609756097561,
    "bleu_2": 0.6556122448979592,
    "bleu_3": 0.5627635776889508,
    "bleu_4": 0.4912150264136177,
    "chrf": 79.17164045386795,
    "fta": 0.7510162601626016,
    "fta_mean_sentence": 0.7535434995112412,
    "fta_coverage": 0.39150401836969,
    "fta_sentences": 682,
    "fta_terms_total": 984,
    "comet": 0.9305316278567681,
    "comet_std": 0.05757156772024748
  },
  "de": {
    "bleu": 0.5672829153894378,
    "bleu_1": 0.768674777603349,
    "bleu_2": 0.608641375962272,
    "bleu_3": 0.5087622209924368,
    "bleu_4": 0.4350907587510336,
    "chrf": 75.87693739286769,
    "fta": 0.7732793522267206,
    "fta_mean_sentence": 0.7611671469740637,
    "fta_coverage": 0.3993095512082854,
    "fta_sentences": 694,
    "fta_terms_total": 988,
    "comet": 0.921009088052979,
    "comet_std": 0.06147083146430297
  },
  "fr": {
    "bleu": 0.5713608692010408,
    "bleu_1": 0.7711367380560131,
    "bleu_2": 0.6121514918594089,
    "bleu_3": 0.5135687732342007,
    "bleu_4": 0.4395953183892085,
    "chrf": 75.9324590613661,
    "fta": 0.5935875216637782,
    "fta_mean_sentence": 0.5902216427640158,
    "fta_coverage": 0.44386574074074076,
    "fta_sentences": 767,
    "fta_terms_total": 1154,
    "comet": 0.9173469302347965,
    "comet_std": 0.06367891492300275
  },
  "nl": {
    "bleu": 0.5922436505423423,
    "bleu_1": 0.7817207463320589,
    "bleu_2": 0.6312398240205078,
    "bleu_3": 0.5366671580188679,
    "bleu_4": 0.4645694062131341,
    "chrf": 77.45336353243158,
    "fta": 0.7967967967967968,
    "fta_mean_sentence": 0.7882653061224488,
    "fta_coverage": 0.3951612903225806,
    "fta_sentences": 686,
    "fta_terms_total": 999,
    "comet": 0.9240185742176348,
    "comet_std": 0.062473033777279
  }
}