{
  "en": {
    "bleu": 0.6325460972494157,
    "bleu_1": 0.8075356083569636,
    "bleu_2": 0.6698227305712015,
    "bleu_3": 0.5800367647058824,
    "bleu_4": 0.5102601326166281,
    "chrf": 80.02986952623857,
    "fta": 0.7652439024390244,
    "fta_mean_sentence": 0.7646627565982403,
    "fta_coverage": 0.39150401836969,
    "fta_sentences": 682,
    "fta_terms_total": 984,
    "comet": 0.9314554479961143,
    "comet_std": 0.05773853882161887
  },
  "de": {
    "bleu": 0.6049815436502766,
    "bleu_1": 0.7927294241388377,
    "bleu_2": 0.6445652931743707,
    "bleu_3": 0.5502541461061848,
    "bleu_4": 0.4787689138873485,
    "chrf": 77.9380518111675,
    "fta": 0.7155870445344129,
    "fta_mean_sentence": 0.7164985590778095,
    "fta_coverage": 0.3993095512082854,
    "fta_sentences": 694,
    "fta_terms_total": 988,
    "comet": 0.9236308718303816,
    "comet_std": 0.06285786499116337
  },
  "fr": {
    "bleu": 0.603086318727904,
    "bleu_1": 0.7911210791912662,
    "bleu_2": 0.6420901682347592,
    "bleu_3": 0.5473966280844096,
    "bleu_4": 0.4757478250506495,
    "chrf": 77.78193944463004,
    "fta": 0.5979202772963604,
    "fta_mean_sentence": 0.6045415036940461,
    "fta_coverage": 0.44386574074074076,
    "fta_sentences": 767,
    "fta_terms_total": 1154,
    "comet": 0.9205743636832469,
    "comet_std": 0.06354167946175206
  },
  "nl": {
    "bleu": 0.6190230627994106,
    "bleu_1": 0.7988435888169783,
    "bleu_2": 0.6563425425913667,
    "bleu_3": 0.5652899302980869,
    "bleu_4": 0.4954088498377266,
    "chrf": 78.679002473591,
    "fta": 0.7747747747747747,
    "fta_mean_sentence": 0.768707482993197,
    "fta_coverage": 0.3951612903225806,
    "fta_sentences": 686,
    "fta_terms_total": 999,
    "comet": 0.9269599938241567,
    "comet_std": 0.05949202140525737
  }
}