{
  "en": {
    "bleu": 0.37126700865377465,
    "bleu_1": 0.6352657004830918,
    "bleu_2": 0.424210246880807,
    "bleu_3": 0.30835328919566135,
    "bleu_4": 0.22864425203343453,
    "chrf": 62.015154587840996,
    "comet": 0.8893523850958328,
    "comet_std": 0.07349570029814717,
    "fta": 0.2804878048780488,
    "fta_mean_sentence": 0.3126832844574781,
    "fta_coverage": 0.39150401836969,
    "fta_sentences": 682,
    "fta_terms_total": 984
  },
  "de": {
    "bleu": 0.32278204475864425,
    "bleu_1": 0.6055230606961358,
    "bleu_2": 0.37354902027141357,
    "bleu_3": 0.2581700521301456,
    "bleu_4": 0.18588884207300724,
    "chrf": 56.85197314183677,
    "comet": 0.8676878062641662,
    "comet_std": 0.0834222634317729,
    "fta": 0.26619433198380565,
    "fta_mean_sentence": 0.31460134486071095,
    "fta_coverage": 0.3993095512082854,
    "fta_sentences": 694,
    "fta_terms_total": 988
  },
  "fr": {
    "bleu": 0.3205806596167142,
    "bleu_1": 0.5954971147478952,
    "bleu_2": 0.36981824245456063,
    "bleu_3": 0.2583065001238456,
    "bleu_4": 0.18567179911907541,
    "chrf": 56.59446462009977,
    "comet": 0.8607523624992205,
    "comet_std": 0.08634689065543456,
    "fta": 0.19584055459272098,
    "fta_mean_sentence": 0.21229900043459365,
    "fta_coverage": 0.44386574074074076,
    "fta_sentences": 767,
    "fta_terms_total": 1154
  },
  "nl": {
    "bleu": 0.33526172062741894,
    "bleu_1": 0.6105106342514818,
    "bleu_2": 0.3860731895481837,
    "bleu_3": 0.2724261956483031,
    "bleu_4": 0.1967542562469192,
    "chrf": 58.712811670339406,
    "comet": 0.8639114419264453,
    "comet_std": 0.0884962900451661,
    "fta": 0.3793793793793794,
    "fta_mean_sentence": 0.4251700680272109,
    "fta_coverage": 0.3951612903225806,
    "fta_sentences": 686,
    "fta_terms_total": 999
  }
}