{
  "en": {
    "bleu": 0.6161011812725785,
    "bleu_1": 0.7967820575329108,
    "bleu_2": 0.6547565723736347,
    "bleu_3": 0.5621609734643014,
    "bleu_4": 0.4912788423934298,
    "chrf": 79.09276442217333,
    "comet": 0.9304218183770929,
    "comet_std": 0.05719883935234457,
    "fta": 0.758130081300813,
    "fta_mean_sentence": 0.7558651026392961,
    "fta_coverage": 0.39150401836969,
    "fta_sentences": 682,
    "fta_terms_total": 984
  },
  "de": {
    "bleu": 0.5600682128233501,
    "bleu_1": 0.7645307951460439,
    "bleu_2": 0.6024969654933241,
    "bleu_3": 0.5018263660849352,
    "bleu_4": 0.42565758387147584,
    "chrf": 75.05355436146834,
    "comet": 0.9167219139935644,
    "comet_std": 0.06365595125719219,
    "fta": 0.6892712550607287,
    "fta_mean_sentence": 0.6802353506243994,
    "fta_coverage": 0.3993095512082854,
    "fta_sentences": 694,
    "fta_terms_total": 988
  },
  "fr": {
    "bleu": 0.5682005214487129,
    "bleu_1": 0.7661963531607032,
    "bleu_2": 0.6077240709254311,
    "bleu_3": 0.5105550634780042,
    "bleu_4": 0.4384473052242038,
    "chrf": 75.82679578530652,
    "comet": 0.9168643282588433,
    "comet_std": 0.0637441555956732,
    "fta": 0.6091854419410745,
    "fta_mean_sentence": 0.6042155584528467,
    "fta_coverage": 0.44386574074074076,
    "fta_sentences": 767,
    "fta_terms_total": 1154
  },
  "nl": {
    "bleu": 0.5848776656476328,
    "bleu_1": 0.7785623222516427,
    "bleu_2": 0.6242938832091492,
    "bleu_3": 0.5280932015926855,
    "bleu_4": 0.45589739554646314,
    "chrf": 76.99472171761087,
    "comet": 0.9222076826552916,
    "comet_std": 0.06227818781399702,
    "fta": 0.7857857857857858,
    "fta_mean_sentence": 0.7701652089407195,
    "fta_coverage": 0.3951612903225806,
    "fta_sentences": 686,
    "fta_terms_total": 999
  }
}