{
  "en": {
    "bleu": 0.5627177453498655,
    "bleu_1": 0.7674775510204082,
    "bleu_2": 0.6049925561749125,
    "bleu_3": 0.5044577070439139,
    "bleu_4": 0.4280770743216673,
    "chrf": 75.71612298271779,
    "comet": 0.9227067694906252,
    "comet_std": 0.05897800836139025,
    "fta": 0.7632113821138211,
    "fta_mean_sentence": 0.7586754643206259,
    "fta_coverage": 0.39150401836969,
    "fta_sentences": 682,
    "fta_terms_total": 984
  },
  "de": {
    "bleu": 0.5153073555367621,
    "bleu_1": 0.739628462649337,
    "bleu_2": 0.5601461886529759,
    "bleu_3": 0.4536059562173575,
    "bleu_4": 0.37520759193357056,
    "chrf": 72.45732423640989,
    "comet": 0.9119970779458727,
    "comet_std": 0.06469964215063442,
    "fta": 0.7186234817813765,
    "fta_mean_sentence": 0.7097742555235352,
    "fta_coverage": 0.3993095512082854,
    "fta_sentences": 694,
    "fta_terms_total": 988
  },
  "fr": {
    "bleu": 0.5285515946056889,
    "bleu_1": 0.7457404550080431,
    "bleu_2": 0.5723036230118679,
    "bleu_3": 0.4676983451186554,
    "bleu_4": 0.3909934821252222,
    "chrf": 73.06092423869268,
    "comet": 0.9123213453287328,
    "comet_std": 0.06410154226368477,
    "fta": 0.6074523396880416,
    "fta_mean_sentence": 0.6034767492394612,
    "fta_coverage": 0.44386574074074076,
    "fta_sentences": 767,
    "fta_terms_total": 1154
  },
  "nl": {
    "bleu": 0.5408720382378693,
    "bleu_1": 0.7541564190850959,
    "bleu_2": 0.5841997287805557,
    "bleu_3": 0.48090868728725766,
    "bleu_4": 0.4039175420582892,
    "chrf": 74.0815137836284,
    "comet": 0.9164125000723221,
    "comet_std": 0.06303482376443269,
    "fta": 0.7867867867867868,
    "fta_mean_sentence": 0.7837706511175901,
    "fta_coverage": 0.3951612903225806,
    "fta_sentences": 686,
    "fta_terms_total": 999
  }
}