{
  "en": {
    "bleu": 0.6172838783843155,
    "bleu_1": 0.7980744210252407,
    "bleu_2": 0.6566788497345011,
    "bleu_3": 0.5633642665884165,
    "bleu_4": 0.49176092997768994,
    "chrf": 79.24291664456081,
    "fta": 0.7591463414634146,
    "fta_mean_sentence": 0.7594086021505376,
    "fta_coverage": 0.39150401836969,
    "fta_sentences": 682,
    "fta_terms_total": 984,
    "comet": 0.9302975904072467,
    "comet_std": 0.05803453328883503
  },
  "de": {
    "bleu": 0.5807073206941996,
    "bleu_1": 0.7758835078534031,
    "bleu_2": 0.6211921448893206,
    "bleu_3": 0.5235335375982871,
    "bleu_4": 0.4506737057757466,
    "chrf": 76.54164049529905,
    "fta": 0.7611336032388664,
    "fta_mean_sentence": 0.7472382324687801,
    "fta_coverage": 0.3993095512082854,
    "fta_sentences": 694,
    "fta_terms_total": 988,
    "comet": 0.9217047948043009,
    "comet_std": 0.06174516103994143
  },
  "fr": {
    "bleu": 0.5814167518843103,
    "bleu_1": 0.7757815070746956,
    "bleu_2": 0.6200195380643361,
    "bleu_3": 0.5244988864142539,
    "bleu_4": 0.45296098237274707,
    "chrf": 76.56232414028577,
    "fta": 0.6161178509532063,
    "fta_mean_sentence": 0.6150803998261627,
    "fta_coverage": 0.44386574074074076,
    "fta_sentences": 767,
    "fta_terms_total": 1154,
    "comet": 0.9182923968398461,
    "comet_std": 0.06394413089232538
  },
  "nl": {
    "bleu": 0.5934471986007741,
    "bleu_1": 0.7807195090101854,
    "bleu_2": 0.6321982281284607,
    "bleu_3": 0.5385238358181483,
    "bleu_4": 0.4666326250049099,
    "chrf": 77.47946477247012,
    "fta": 0.7987987987987988,
    "fta_mean_sentence": 0.7905733722060253,
    "fta_coverage": 0.3951612903225806,
    "fta_sentences": 686,
    "fta_terms_total": 999,
    "comet": 0.9233462887425576,
    "comet_std": 0.06429815487759877
  }
}