{
  "en": {
    "bleu": 0.5776928535239296,
    "bleu_1": 0.774489762808657,
    "bleu_2": 0.6208687278605083,
    "bleu_3": 0.5210695734874533,
    "bleu_4": 0.44450515142054325,
    "chrf": 77.0697721870532,
    "fta": 0.8353658536585366,
    "fta_mean_sentence": 0.8246578690127077,
    "fta_coverage": 0.39150401836969,
    "fta_sentences": 682,
    "fta_terms_total": 984,
    "comet": 0.9270785601315624,
    "comet_std": 0.057847114433031505
  },
  "de": {
    "bleu": 0.5527703162633785,
    "bleu_1": 0.7615885331053981,
    "bleu_2": 0.5963040446304044,
    "bleu_3": 0.49411808364567483,
    "bleu_4": 0.4184231378763867,
    "chrf": 74.81001908399686,
    "fta": 0.77834008097166,
    "fta_mean_sentence": 0.7472382324687801,
    "fta_coverage": 0.3993095512082854,
    "fta_sentences": 694,
    "fta_terms_total": 988,
    "comet": 0.918559882168254,
    "comet_std": 0.062228509786850725
  },
  "fr": {
    "bleu": 0.5479284353336408,
    "bleu_1": 0.7541992731082807,
    "bleu_2": 0.5900114531635026,
    "bleu_3": 0.4893137942490126,
    "bleu_4": 0.41396282879193574,
    "chrf": 74.529592010464,
    "fta": 0.6421143847487002,
    "fta_mean_sentence": 0.623620165145589,
    "fta_coverage": 0.44386574074074076,
    "fta_sentences": 767,
    "fta_terms_total": 1154,
    "comet": 0.9146979272503544,
    "comet_std": 0.06367173986075797
  },
  "nl": {
    "bleu": 0.5627333405509038,
    "bleu_1": 0.7651272322888729,
    "bleu_2": 0.6038560233025869,
    "bleu_3": 0.5046298004205556,
    "bleu_4": 0.4301011771190111,
    "chrf": 75.68296342801881,
    "fta": 0.8348348348348348,
    "fta_mean_sentence": 0.8068513119533529,
    "fta_coverage": 0.3951612903225806,
    "fta_sentences": 686,
    "fta_terms_total": 999,
    "comet": 0.9203207456262156,
    "comet_std": 0.062287346943632305
  }
}