{
  "en": {
    "bleu": 0.6279505412167001,
    "bleu_1": 0.805838513359586,
    "bleu_2": 0.6661376574090047,
    "bleu_3": 0.575020186449387,
    "bleu_4": 0.5037402577057142,
    "chrf": 80.06097253732702,
    "comet": 0.9316006115841947,
    "comet_std": 0.05894895595217546,
    "fta": 0.7703252032520326,
    "fta_mean_sentence": 0.7751710654936459,
    "fta_coverage": 0.39150401836969,
    "fta_sentences": 682,
    "fta_terms_total": 984
  },
  "de": {
    "bleu": 0.5960819494894815,
    "bleu_1": 0.787576863634869,
    "bleu_2": 0.6359292714400306,
    "bleu_3": 0.5407943578322197,
    "bleu_4": 0.46918717552411526,
    "chrf": 77.30683833109705,
    "comet": 0.9222933136278246,
    "comet_std": 0.06461993602677644,
    "fta": 0.7034412955465587,
    "fta_mean_sentence": 0.7020893371757921,
    "fta_coverage": 0.3993095512082854,
    "fta_sentences": 694,
    "fta_terms_total": 988
  },
  "fr": {
    "bleu": 0.6060724402162897,
    "bleu_1": 0.7901667267188575,
    "bleu_2": 0.6441095795284886,
    "bleu_3": 0.5509638821183248,
    "bleu_4": 0.48116775667796075,
    "chrf": 78.23322092655604,
    "comet": 0.9215091903762961,
    "comet_std": 0.0637762597495094,
    "fta": 0.6048526863084922,
    "fta_mean_sentence": 0.6056279878313777,
    "fta_coverage": 0.44386574074074076,
    "fta_sentences": 767,
    "fta_terms_total": 1154
  },
  "nl": {
    "bleu": 0.6193658805104464,
    "bleu_1": 0.7990012484394506,
    "bleu_2": 0.6564002508535991,
    "bleu_3": 0.5655913978494623,
    "bleu_4": 0.4961010172980248,
    "chrf": 78.89004341078,
    "comet": 0.9267749631013463,
    "comet_std": 0.062161816085927066,
    "fta": 0.7627627627627628,
    "fta_mean_sentence": 0.7599611273080658,
    "fta_coverage": 0.3951612903225806,
    "fta_sentences": 686,
    "fta_terms_total": 999
  }
}