{
  "en": {
    "bleu": 0.6089553034889982,
    "bleu_1": 0.7922103213242454,
    "bleu_2": 0.6485482317324893,
    "bleu_3": 0.5543561784185298,
    "bleu_4": 0.4828030450907671,
    "chrf": 78.71032600506156,
    "fta": 0.7479674796747967,
    "fta_mean_sentence": 0.7474340175953077,
    "fta_coverage": 0.39150401836969,
    "fta_sentences": 682,
    "fta_terms_total": 984,
    "comet": 0.9298600515288683,
    "comet_std": 0.05740373726213967
  },
  "de": {
    "bleu": 0.5747832920658459,
    "bleu_1": 0.7728003148263536,
    "bleu_2": 0.6158581116327595,
    "bleu_3": 0.5175042557915772,
    "bleu_4": 0.44315398593663585,
    "chrf": 75.98621245121309,
    "fta": 0.7307692307692307,
    "fta_mean_sentence": 0.71097502401537,
    "fta_coverage": 0.3993095512082854,
    "fta_sentences": 694,
    "fta_terms_total": 988,
    "comet": 0.9196743071250729,
    "comet_std": 0.06293805032136782
  },
  "fr": {
    "bleu": 0.5714718132249507,
    "bleu_1": 0.7691954776339505,
    "bleu_2": 0.6112828707402647,
    "bleu_3": 0.5139479031960096,
    "bleu_4": 0.44134804887662593,
    "chrf": 76.03257259381222,
    "fta": 0.6126516464471404,
    "fta_mean_sentence": 0.6076923076923079,
    "fta_coverage": 0.44386574074074076,
    "fta_sentences": 767,
    "fta_terms_total": 1154,
    "comet": 0.917758906122159,
    "comet_std": 0.06234047214092409
  },
  "nl": {
    "bleu": 0.5918132322051257,
    "bleu_1": 0.7809355808179799,
    "bleu_2": 0.6308352957473334,
    "bleu_3": 0.5364523853379997,
    "bleu_4": 0.4641691890404497,
    "chrf": 77.30447191023504,
    "fta": 0.7907907907907908,
    "fta_mean_sentence": 0.7761175898931002,
    "fta_coverage": 0.3951612903225806,
    "fta_sentences": 686,
    "fta_terms_total": 999,
    "comet": 0.9229993850576438,
    "comet_std": 0.06328887555644565
  }
}