{
  "en": {
    "bleu": 0.6398045172861908,
    "bleu_1": 0.8115208877284595,
    "bleu_2": 0.676275174752578,
    "bleu_3": 0.5883869067344158,
    "bleu_4": 0.5189231676164275,
    "chrf": 80.41012113208629,
    "comet": 0.9320504575728276,
    "comet_std": 0.05846495036323929,
    "fta": 0.7754065040650406,
    "fta_mean_sentence": 0.7712609970674487,
    "fta_coverage": 0.39150401836969,
    "fta_sentences": 682,
    "fta_terms_total": 984
  },
  "de": {
    "bleu": 0.6049094722540439,
    "bleu_1": 0.7934303205845566,
    "bleu_2": 0.6447074430945399,
    "bleu_3": 0.5507413325405968,
    "bleu_4": 0.48024123155054754,
    "chrf": 77.88544430805496,
    "comet": 0.9240312409448953,
    "comet_std": 0.06253135713980842,
    "fta": 0.7307692307692307,
    "fta_mean_sentence": 0.7219020172910661,
    "fta_coverage": 0.3993095512082854,
    "fta_sentences": 694,
    "fta_terms_total": 988
  },
  "fr": {
    "bleu": 0.6072332027491171,
    "bleu_1": 0.7930250189537529,
    "bleu_2": 0.6439232409381663,
    "bleu_3": 0.5516997693967121,
    "bleu_4": 0.48261214767764987,
    "chrf": 77.89728144824656,
    "comet": 0.9206606444937212,
    "comet_std": 0.06485983280731654,
    "fta": 0.6178509532062392,
    "fta_mean_sentence": 0.611929595827901,
    "fta_coverage": 0.44386574074074076,
    "fta_sentences": 767,
    "fta_terms_total": 1154
  },
  "nl": {
    "bleu": 0.6238930543909986,
    "bleu_1": 0.8013160059220267,
    "bleu_2": 0.6598625213719949,
    "bleu_3": 0.5716726084373143,
    "bleu_4": 0.5032114820394893,
    "chrf": 78.92574045488419,
    "comet": 0.9267658816504588,
    "comet_std": 0.06259519616461284,
    "fta": 0.7787787787787788,
    "fta_mean_sentence": 0.7674927113702622,
    "fta_coverage": 0.3951612903225806,
    "fta_sentences": 686,
    "fta_terms_total": 999
  }
}