{
  "en": {
    "bleu": 0.0007696944245890631,
    "bleu_1": 0.008002868016105013,
    "bleu_2": 0.0008183397167542531,
    "bleu_3": 0.0003258811432809489,
    "bleu_4": 0.000164450367177975,
    "chrf": 5.07427238520351,
    "comet": 0.18821237743516742,
    "comet_std": 0.08916772508167345,
    "fta": 0.00508130081300813,
    "fta_mean_sentence": 0.004398826979472141,
    "fta_coverage": 0.39150401836969,
    "fta_sentences": 682,
    "fta_terms_total": 984
  },
  "de": {
    "bleu": 0.00034920287093375974,
    "bleu_1": 0.006295103748667313,
    "bleu_2": 0.0003405810420698678,
    "bleu_3": 0.00011455316084900257,
    "bleu_4": 6.054534846600103e-05,
    "chrf": 4.4640464260544155,
    "comet": 0.1767810516839609,
    "comet_std": 0.07695888224818022,
    "fta": 0.0010121457489878543,
    "fta_mean_sentence": 0.0007204610951008645,
    "fta_coverage": 0.3993095512082854,
    "fta_sentences": 694,
    "fta_terms_total": 988
  },
  "fr": {
    "bleu": 0.0003262400552704837,
    "bleu_1": 0.006167370467960741,
    "bleu_2": 0.0003310296765201231,
    "bleu_3": 9.378993399533395e-05,
    "bleu_4": 5.915969568252541e-05,
    "chrf": 4.28715270181104,
    "comet": 0.18266834511801047,
    "comet_std": 0.07983595612431099,
    "fta": 0.0008665511265164644,
    "fta_mean_sentence": 0.001303780964797914,
    "fta_coverage": 0.44386574074074076,
    "fta_sentences": 767,
    "fta_terms_total": 1154
  },
  "nl": {
    "bleu": 0.00023871905819223613,
    "bleu_1": 0.005729765756855831,
    "bleu_2": 0.00020609945926010294,
    "bleu_3": 7.114360610521592e-05,
    "bleu_4": 3.865438561615091e-05,
    "chrf": 4.247287920366618,
    "comet": 0.17448766536426985,
    "comet_std": 0.06723143511598666,
    "fta": 0.001001001001001001,
    "fta_mean_sentence": 0.0014577259475218659,
    "fta_coverage": 0.3951612903225806,
    "fta_sentences": 686,
    "fta_terms_total": 999
  }
}