{
  "en": {
    "bleu": 0.6174408676505444,
    "bleu_1": 0.7971570764076376,
    "bleu_2": 0.6566325299127617,
    "bleu_3": 0.5637517423519918,
    "bleu_4": 0.4925238766243933,
    "chrf": 79.1653798884769,
    "fta": 0.7560975609756098,
    "fta_mean_sentence": 0.7559872922776147,
    "fta_coverage": 0.39150401836969,
    "fta_sentences": 682,
    "fta_terms_total": 984
  },
  "de": {
    "bleu": 0.5767293621480567,
    "bleu_1": 0.7730415124012975,
    "bleu_2": 0.6167182017162909,
    "bleu_3": 0.5196672828096118,
    "bleu_4": 0.4465532888766129,
    "chrf": 76.11735496210844,
    "fta": 0.7489878542510121,
    "fta_mean_sentence": 0.7349903938520655,
    "fta_coverage": 0.3993095512082854,
    "fta_sentences": 694,
    "fta_terms_total": 988
  },
  "fr": {
    "bleu": 0.5751564415807321,
    "bleu_1": 0.7707008457352652,
    "bleu_2": 0.6142886927514073,
    "bleu_3": 0.5178518628030752,
    "bleu_4": 0.4463546390126572,
    "chrf": 76.24767126648402,
    "fta": 0.6143847487001733,
    "fta_mean_sentence": 0.6096479791395047,
    "fta_coverage": 0.44386574074074076,
    "fta_sentences": 767,
    "fta_terms_total": 1154
  },
  "nl": {
    "bleu": 0.5903461834986404,
    "bleu_1": 0.7806025749950983,
    "bleu_2": 0.6295641931684335,
    "bleu_3": 0.5347337387138382,
    "bleu_4": 0.4621888395139408,
    "chrf": 77.26699835602643,
    "fta": 0.7857857857857858,
    "fta_mean_sentence": 0.7744169096209914,
    "fta_coverage": 0.3951612903225806,
    "fta_sentences": 686,
    "fta_terms_total": 999
  }
}