{
  "en": {
    "bleu": 0.635415728099496,
    "bleu_1": 0.8101968208375494,
    "bleu_2": 0.67291919017131,
    "bleu_3": 0.5831123876859626,
    "bleu_4": 0.512774152975395,
    "chrf": 80.1693285363859,
    "comet": 0.9315854624923143,
    "comet_std": 0.057491914858417544,
    "fta": 0.7469512195121951,
    "fta_mean_sentence": 0.7478005865102636,
    "fta_coverage": 0.39150401836969,
    "fta_sentences": 682,
    "fta_terms_total": 984
  },
  "de": {
    "bleu": 0.5928265187829771,
    "bleu_1": 0.7872634979233964,
    "bleu_2": 0.6345804195804196,
    "bleu_3": 0.5385044850560167,
    "bleu_4": 0.4666136724960254,
    "chrf": 77.11901565919914,
    "comet": 0.9222139513979573,
    "comet_std": 0.06334427813119362,
    "fta": 0.694331983805668,
    "fta_mean_sentence": 0.6838376560999037,
    "fta_coverage": 0.3993095512082854,
    "fta_sentences": 694,
    "fta_terms_total": 988
  },
  "fr": {
    "bleu": 0.6099844924328063,
    "bleu_1": 0.792801396252511,
    "bleu_2": 0.6474038898006216,
    "bleu_3": 0.5552087977411205,
    "bleu_4": 0.4858241801816091,
    "chrf": 78.24354312492086,
    "comet": 0.9212572371621651,
    "comet_std": 0.06370050116297592,
    "fta": 0.6013864818024264,
    "fta_mean_sentence": 0.6039982616253803,
    "fta_coverage": 0.44386574074074076,
    "fta_sentences": 767,
    "fta_terms_total": 1154
  },
  "nl": {
    "bleu": 0.6133997990817964,
    "bleu_1": 0.7964089578743135,
    "bleu_2": 0.6516932305653402,
    "bleu_3": 0.5592754806621631,
    "bleu_4": 0.4887462355365351,
    "chrf": 78.50855459371721,
    "comet": 0.925488737390338,
    "comet_std": 0.061312531028392084,
    "fta": 0.7557557557557557,
    "fta_mean_sentence": 0.7448979591836732,
    "fta_coverage": 0.3951612903225806,
    "fta_sentences": 686,
    "fta_terms_total": 999
  }
}