{
  "en": {
    "bleu": 0.562755193930414,
    "bleu_1": 0.7681173626086388,
    "bleu_2": 0.6049057649667405,
    "bleu_3": 0.5045161290322581,
    "bleu_4": 0.42784620833497305,
    "chrf": 75.71214559462656,
    "comet": 0.9227721510812144,
    "comet_std": 0.05905108385534854,
    "fta": 0.7591463414634146,
    "fta_mean_sentence": 0.7557429130009778,
    "fta_coverage": 0.39150401836969,
    "fta_sentences": 682,
    "fta_terms_total": 984
  },
  "de": {
    "bleu": 0.5157157032068979,
    "bleu_1": 0.7400242630905931,
    "bleu_2": 0.5605507458016064,
    "bleu_3": 0.45412165162054163,
    "bleu_4": 0.3754985980016587,
    "chrf": 72.48931017155283,
    "comet": 0.9121789865890224,
    "comet_std": 0.06494094006605419,
    "fta": 0.7246963562753036,
    "fta_mean_sentence": 0.7119356388088379,
    "fta_coverage": 0.3993095512082854,
    "fta_sentences": 694,
    "fta_terms_total": 988
  },
  "fr": {
    "bleu": 0.5274534990496021,
    "bleu_1": 0.7450394218134034,
    "bleu_2": 0.5712942323767066,
    "bleu_3": 0.4665802148944053,
    "bleu_4": 0.38973669644975095,
    "chrf": 73.02658595338482,
    "comet": 0.9119776540470345,
    "comet_std": 0.0646782547734647,
    "fta": 0.6057192374350087,
    "fta_mean_sentence": 0.6044545849630596,
    "fta_coverage": 0.44386574074074076,
    "fta_sentences": 767,
    "fta_terms_total": 1154
  },
  "nl": {
    "bleu": 0.538730710266095,
    "bleu_1": 0.7524321137279308,
    "bleu_2": 0.5821206543257041,
    "bleu_3": 0.4788633508240337,
    "bleu_4": 0.4016011989272756,
    "chrf": 73.99313687911192,
    "comet": 0.9159218744816868,
    "comet_std": 0.06358575899199326,
    "fta": 0.7867867867867868,
    "fta_mean_sentence": 0.7827988338192425,
    "fta_coverage": 0.3951612903225806,
    "fta_sentences": 686,
    "fta_terms_total": 999
  }
}