{
  "en": {
    "bleu": 0.5833959559377466,
    "bleu_1": 0.7780733052221862,
    "bleu_2": 0.6262032453245324,
    "bleu_3": 0.5270393798676368,
    "bleu_4": 0.45110200897210845,
    "chrf": 77.43940023426893,
    "fta": 0.8373983739837398,
    "fta_mean_sentence": 0.8239247311827956,
    "fta_coverage": 0.39150401836969,
    "fta_sentences": 682,
    "fta_terms_total": 984,
    "comet": 0.9275562065716589,
    "comet_std": 0.05758724683694046
  },
  "de": {
    "bleu": 0.5561149271534779,
    "bleu_1": 0.7636363636363637,
    "bleu_2": 0.5992258604456533,
    "bleu_3": 0.4976989311163896,
    "bleu_4": 0.4225145619526885,
    "chrf": 74.93336134653464,
    "fta": 0.7742914979757085,
    "fta_mean_sentence": 0.7397934678194046,
    "fta_coverage": 0.3993095512082854,
    "fta_sentences": 694,
    "fta_terms_total": 988,
    "comet": 0.9185903088304336,
    "comet_std": 0.06236665679465928
  },
  "fr": {
    "bleu": 0.5525124941645324,
    "bleu_1": 0.7580475971939946,
    "bleu_2": 0.5947946347904649,
    "bleu_3": 0.4937536960378474,
    "bleu_4": 0.4185954812507393,
    "chrf": 74.80627430562566,
    "fta": 0.6533795493934142,
    "fta_mean_sentence": 0.635723598435463,
    "fta_coverage": 0.44386574074074076,
    "fta_sentences": 767,
    "fta_terms_total": 1154,
    "comet": 0.9153081826796686,
    "comet_std": 0.06352121817882891
  },
  "nl": {
    "bleu": 0.5651784229577352,
    "bleu_1": 0.767378628054773,
    "bleu_2": 0.6065647794373046,
    "bleu_3": 0.506892346354263,
    "bleu_4": 0.43245375300753364,
    "chrf": 75.73358897865045,
    "fta": 0.8308308308308309,
    "fta_mean_sentence": 0.7988338192419827,
    "fta_coverage": 0.3951612903225806,
    "fta_sentences": 686,
    "fta_terms_total": 999,
    "comet": 0.9208657995278385,
    "comet_std": 0.06219683066869882
  }
}