{
  "en": {
    "bleu": 0.6173298344239757,
    "bleu_1": 0.7971962008847254,
    "bleu_2": 0.6564719674505206,
    "bleu_3": 0.5636577045813007,
    "bleu_4": 0.49234803710517044,
    "chrf": 79.17091721581689,
    "fta": 0.7571138211382114,
    "fta_mean_sentence": 0.7574535679374388,
    "fta_coverage": 0.39150401836969,
    "fta_sentences": 682,
    "fta_terms_total": 984,
    "comet": 0.9307677893119893,
    "comet_std": 0.05713733511260741
  },
  "de": {
    "bleu": 0.5815874350228322,
    "bleu_1": 0.7752518644511317,
    "bleu_2": 0.6214191579385447,
    "bleu_3": 0.524814582487731,
    "bleu_4": 0.4525084665669056,
    "chrf": 76.54273617214363,
    "fta": 0.7580971659919028,
    "fta_mean_sentence": 0.7479586935638809,
    "fta_coverage": 0.3993095512082854,
    "fta_sentences": 694,
    "fta_terms_total": 988,
    "comet": 0.921237168038399,
    "comet_std": 0.062062361648542695
  },
  "fr": {
    "bleu": 0.5811483138703597,
    "bleu_1": 0.7759794730089805,
    "bleu_2": 0.6204178438143071,
    "bleu_3": 0.5240268655608742,
    "bleu_4": 0.4521263958184842,
    "chrf": 76.5272093701727,
    "fta": 0.6195840554592721,
    "fta_mean_sentence": 0.6181225554106912,
    "fta_coverage": 0.44386574074074076,
    "fta_sentences": 767,
    "fta_terms_total": 1154,
    "comet": 0.9189953324902389,
    "comet_std": 0.06306858262601342
  },
  "nl": {
    "bleu": 0.5931163090671857,
    "bleu_1": 0.781914372489468,
    "bleu_2": 0.6320581616756101,
    "bleu_3": 0.5377476614863372,
    "bleu_4": 0.46565545425966676,
    "chrf": 77.42916376384645,
    "fta": 0.7917917917917918,
    "fta_mean_sentence": 0.7797619047619047,
    "fta_coverage": 0.3951612903225806,
    "fta_sentences": 686,
    "fta_terms_total": 999,
    "comet": 0.9237134831395292,
    "comet_std": 0.06275989723407961
  }
}