{
  "en": {
    "bleu": 0.6282232784010902,
    "bleu_1": 0.8050113895216401,
    "bleu_2": 0.6661032151234993,
    "bleu_3": 0.5754339608792983,
    "bleu_4": 0.5047973369884472,
    "chrf": 80.0050501233049,
    "comet": 0.9304611364509975,
    "comet_std": 0.06063112181590262,
    "fta": 0.7540650406504065,
    "fta_mean_sentence": 0.7553763440860215,
    "fta_coverage": 0.39150401836969,
    "fta_sentences": 682,
    "fta_terms_total": 984
  },
  "de": {
    "bleu": 0.596303185440017,
    "bleu_1": 0.7879325643300799,
    "bleu_2": 0.636575929734063,
    "bleu_3": 0.5407300244825284,
    "bleu_4": 0.4681398756484892,
    "chrf": 77.42825713649762,
    "comet": 0.9230177636559457,
    "comet_std": 0.06218226761799907,
    "fta": 0.7135627530364372,
    "fta_mean_sentence": 0.7131364073006721,
    "fta_coverage": 0.3993095512082854,
    "fta_sentences": 694,
    "fta_terms_total": 988
  },
  "fr": {
    "bleu": 0.5926296310529582,
    "bleu_1": 0.7846032424611135,
    "bleu_2": 0.6323001290052648,
    "bleu_3": 0.5359448030269308,
    "bleu_4": 0.46391670955227426,
    "chrf": 77.40108853235539,
    "comet": 0.9189791750611255,
    "comet_std": 0.06560368486944411,
    "fta": 0.5996533795493935,
    "fta_mean_sentence": 0.6003042155584529,
    "fta_coverage": 0.44386574074074076,
    "fta_sentences": 767,
    "fta_terms_total": 1154
  },
  "nl": {
    "bleu": 0.6096969261419614,
    "bleu_1": 0.7931203931203932,
    "bleu_2": 0.6471916356941888,
    "bleu_3": 0.555547342745214,
    "bleu_4": 0.48457715367623855,
    "chrf": 78.36790910710634,
    "comet": 0.9255621048025272,
    "comet_std": 0.06159665280886548,
    "fta": 0.7717717717717718,
    "fta_mean_sentence": 0.7653061224489794,
    "fta_coverage": 0.3951612903225806,
    "fta_sentences": 686,
    "fta_terms_total": 999
  }
}